{
  "11": { "ciudad": "Ciudad Autónoma de Buenos Aires y Gran Buenos Aires", "provincia": "Buenos Aires" },

  "220": { "ciudad": "San Miguel", "provincia": "Buenos Aires" },
  "221": { "ciudad": "La Plata", "provincia": "Buenos Aires" },
  "223": { "ciudad": "Mar del Plata", "provincia": "Buenos Aires" },
  "230": { "ciudad": "Campana", "provincia": "Buenos Aires" },
  "236": { "ciudad": "Junín", "provincia": "Buenos Aires" },
  "237": { "ciudad": "Moreno", "provincia": "Buenos Aires" },
  "249": { "ciudad": "Tandil", "provincia": "Buenos Aires" },

  "260": { "ciudad": "General Alvear", "provincia": "Mendoza" },
  "261": { "ciudad": "Mendoza", "provincia": "Mendoza" },
  "263": { "ciudad": "San Martín", "provincia": "Mendoza" },
  "264": { "ciudad": "San Juan", "provincia": "San Juan" },
  "266": { "ciudad": "San Luis", "provincia": "San Luis" },

  "280": { "ciudad": "Rawson", "provincia": "Chubut" },
  "291": { "ciudad": "Bahía Blanca", "provincia": "Buenos Aires" },
  "294": { "ciudad": "San Carlos de Bariloche", "provincia": "Río Negro" },
  "297": { "ciudad": "Comodoro Rivadavia", "provincia": "Chubut" },
  "298": { "ciudad": "Tres Arroyos", "provincia": "Buenos Aires" },
  "299": { "ciudad": "Neuquén", "provincia": "Neuquén" },

  "336": { "ciudad": "San Nicolás de los Arroyos", "provincia": "Buenos Aires" },
  "341": { "ciudad": "Rosario", "provincia": "Santa Fe" },
  "342": { "ciudad": "Santa Fe", "provincia": "Santa Fe" },
  "343": { "ciudad": "Paraná", "provincia": "Entre Ríos" },
  "345": { "ciudad": "Concordia", "provincia": "Entre Ríos" },
  "348": { "ciudad": "San Pedro", "provincia": "Buenos Aires" },
  "351": { "ciudad": "Córdoba", "provincia": "Córdoba" },
  "353": { "ciudad": "Villa María", "provincia": "Córdoba" },
  "358": { "ciudad": "Río Cuarto", "provincia": "Córdoba" },

  "362": { "ciudad": "Resistencia", "provincia": "Chaco" },
  "364": { "ciudad": "Presidencia Roque Sáenz Peña", "provincia": "Chaco" },
  "370": { "ciudad": "Formosa", "provincia": "Formosa" },
  "376": { "ciudad": "Posadas", "provincia": "Misiones" },
  "379": { "ciudad": "Corrientes", "provincia": "Corrientes" },
  "380": { "ciudad": "La Rioja", "provincia": "La Rioja" },
  "381": { "ciudad": "San Miguel de Tucumán", "provincia": "Tucumán" },
  "383": { "ciudad": "Catamarca", "provincia": "Catamarca" },
  "385": { "ciudad": "Santiago del Estero", "provincia": "Santiago del Estero" },
  "387": { "ciudad": "Salta", "provincia": "Salta" },
  "388": { "ciudad": "San Salvador de Jujuy", "provincia": "Jujuy" },

  "2901": { "ciudad": "Ushuaia", "provincia": "Tierra del Fuego" },
  "2902": { "ciudad": "Río Grande", "provincia": "Tierra del Fuego" },
  "2903": { "ciudad": "Tolhuin", "provincia": "Tierra del Fuego" },

  "2960": { "ciudad": "Río Gallegos", "provincia": "Santa Cruz" },
  "2965": { "ciudad": "El Calafate", "provincia": "Santa Cruz" },
  "2962": { "ciudad": "Puerto Deseado", "provincia": "Santa Cruz" },
  "2963": { "ciudad": "Puerto San Julián", "provincia": "Santa Cruz" },
  "2964": { "ciudad": "Gobernador Gregores", "provincia": "Santa Cruz" },
  "2966": { "ciudad": "Pico Truncado", "provincia": "Santa Cruz" },
  "2967": { "ciudad": "Caleta Olivia", "provincia": "Santa Cruz" },
  "2968": { "ciudad": "Las Heras", "provincia": "Santa Cruz" },
  "2969": { "ciudad": "Perito Moreno", "provincia": "Santa Cruz" },

  "2952": { "ciudad": "Viedma", "provincia": "Río Negro" },
  "2953": { "ciudad": "San Antonio Oeste", "provincia": "Río Negro" },
  "2954": { "ciudad": "Las Grutas", "provincia": "Río Negro" },
  "2955": { "ciudad": "General Conesa", "provincia": "Río Negro" },
  "2956": { "ciudad": "Choele Choel", "provincia": "Río Negro" },
  "2958": { "ciudad": "Río Colorado", "provincia": "Río Negro" },

  "2994": { "ciudad": "Centenario", "provincia": "Neuquén" },
  "2995": { "ciudad": "Plottier", "provincia": "Neuquén" },
  "2996": { "ciudad": "Cutral Có", "provincia": "Neuquén" },
  "2997": { "ciudad": "Zapala", "provincia": "Neuquén" },
  "2998": { "ciudad": "Plaza Huincul", "provincia": "Neuquén" },
  "2999": { "ciudad": "Chos Malal", "provincia": "Neuquén" }
}
